article_order,title,status,cluster,slug
1,What Are Content Frameworks?,published,Foundations,what-are-content-frameworks
2,Why Frameworks Matter in Research Education and Strategic Communication,published,Foundations,why-frameworks-matter-in-research-education-and-strategic-communication
3,What Makes a Powerful Content Framework?,published,Foundations,what-makes-a-powerful-content-framework
4,Framework Literacy and the Structure of Usable Knowledge,planned,Foundations,framework-literacy-and-the-structure-of-usable-knowledge
5,Frameworks Templates and Models,planned,Foundations,frameworks-templates-and-models
6,The History of Framework Thinking in Communication and Strategy,planned,Foundations,history-of-framework-thinking-in-communication-and-strategy
7,Pillar Pages and Topic Clusters,published,Knowledge Architecture,pillar-pages-and-topic-clusters
8,Narrative Pathways and Knowledge Architecture,published,Knowledge Architecture,narrative-pathways-and-knowledge-architecture
9,Frameworks for Digital Knowledge Systems,published,Knowledge Architecture,frameworks-for-digital-knowledge-systems
10,Taxonomy Design for Content Frameworks,planned,Knowledge Architecture,taxonomy-design-for-content-frameworks
11,Internal Linking as Framework Infrastructure,planned,Knowledge Architecture,internal-linking-as-framework-infrastructure
12,Content Audits and Framework Governance,planned,Knowledge Architecture,content-audits-and-framework-governance
13,Editorial Metadata and Content Systems,planned,Knowledge Architecture,editorial-metadata-and-content-systems
