slug,title,status,cluster,completed_fields,required_fields,metadata_completion_rate,missing_fields,metadata_status
what-are-content-frameworks,What Are Content Frameworks?,published,Foundations,10,10,1.0,none,ready
why-frameworks-matter-in-research-education-and-strategic-communication,Why Frameworks Matter in Research Education and Strategic Communication,published,Foundations,10,10,1.0,none,ready
what-makes-a-powerful-content-framework,What Makes a Powerful Content Framework?,published,Foundations,3,10,0.3,tags; github_url; image_alt; last_reviewed; footer_navigation; repository_manifest; accessibility_notes,needs metadata work
framework-literacy-and-the-structure-of-usable-knowledge,Framework Literacy and the Structure of Usable Knowledge,planned,Foundations,0,10,0.0,excerpt; tags; github_url; image_alt; references; last_reviewed; series_context; footer_navigation; repository_manifest; accessibility_notes,needs metadata work
pillar-pages-and-topic-clusters,Pillar Pages and Topic Clusters,published,Knowledge Architecture,10,10,1.0,none,ready
narrative-pathways-and-knowledge-architecture,Narrative Pathways and Knowledge Architecture,published,Knowledge Architecture,8,10,0.8,last_reviewed; repository_manifest,needs metadata work
frameworks-for-digital-knowledge-systems,Frameworks for Digital Knowledge Systems,published,Knowledge Architecture,9,10,0.9,last_reviewed,ready
taxonomy-design-for-content-frameworks,Taxonomy Design for Content Frameworks,planned,Knowledge Architecture,0,10,0.0,excerpt; tags; github_url; image_alt; references; last_reviewed; series_context; footer_navigation; repository_manifest; accessibility_notes,needs metadata work
internal-linking-as-framework-infrastructure,Internal Linking as Framework Infrastructure,published,Knowledge Architecture,10,10,1.0,none,ready
content-audits-and-framework-governance,Content Audits and Framework Governance,published,Knowledge Architecture,10,10,1.0,none,ready
editorial-metadata-and-content-systems,Editorial Metadata and Content Systems,planned,Knowledge Architecture,0,10,0.0,excerpt; tags; github_url; image_alt; references; last_reviewed; series_context; footer_navigation; repository_manifest; accessibility_notes,needs metadata work
educational-scaffolding-and-the-design-of-learning-systems,Educational Scaffolding and the Design of Learning Systems,published,Educational Research and Conceptual Frameworks,10,10,1.0,none,ready
frameworks-for-research-communication,Frameworks for Research Communication,published,Educational Research and Conceptual Frameworks,9,10,0.9,last_reviewed,ready
message-house-and-the-architecture-of-strategic-messaging,Message House and the Architecture of Strategic Messaging,published,Audience Need Value Positioning and Message Architecture,8,10,0.8,last_reviewed; repository_manifest,needs metadata work
framework-governance-and-editorial-maintenance,Framework Governance and Editorial Maintenance,planned,Framework Composition Scaling and Editorial Governance,0,10,0.0,excerpt; tags; github_url; image_alt; references; last_reviewed; series_context; footer_navigation; repository_manifest; accessibility_notes,needs metadata work
framework-drift-and-conceptual-decay,Framework Drift and Conceptual Decay,planned,Framework Composition Scaling and Editorial Governance,0,10,0.0,excerpt; tags; github_url; image_alt; references; last_reviewed; series_context; footer_navigation; repository_manifest; accessibility_notes,needs metadata work
