"slug","title","cluster","status","content_type","article_role","outgoing_links","incoming_links","total_link_degree","link_status"
"content-audits-and-framework-governance","Content Audits and Framework Governance","Knowledge Architecture","planned","article","governance",1,1,2,"connected"
"content-frameworks","Content Frameworks","Foundations","published","article_map","pillar",0,1,1,"link review required"
"editorial-metadata-and-content-systems","Editorial Metadata and Content Systems","Knowledge Architecture","planned","article","technical",1,1,2,"connected"
"framework-governance-and-editorial-maintenance","Framework Governance and Editorial Maintenance","Framework Composition Scaling and Editorial Governance","planned","article","governance",0,1,1,"link review required"
"framework-literacy-and-the-structure-of-usable-knowledge","Framework Literacy and the Structure of Usable Knowledge","Foundations","published","article","critique",0,1,1,"link review required"
"frameworks-for-digital-knowledge-systems","Frameworks for Digital Knowledge Systems","Knowledge Architecture","published","article","technical",9,6,15,"well connected"
"frameworks-templates-and-models","Frameworks Templates and Models","Foundations","published","article","comparison",0,0,0,"link review required"
"internal-linking-as-framework-infrastructure","Internal Linking as Framework Infrastructure","Knowledge Architecture","planned","article","technical",1,1,2,"connected"
"narrative-pathways-and-knowledge-architecture","Narrative Pathways and Knowledge Architecture","Knowledge Architecture","published","article","method",1,1,2,"connected"
"pillar-pages-and-topic-clusters","Pillar Pages and Topic Clusters","Knowledge Architecture","published","article","pillar",1,1,2,"connected"
"taxonomy-design-for-content-frameworks","Taxonomy Design for Content Frameworks","Knowledge Architecture","planned","article","method",1,1,2,"connected"
"what-are-content-frameworks","What Are Content Frameworks","Foundations","published","article","definition",0,0,0,"link review required"
