"slug","title","status","cluster","metadata_status","link_status","repository_status","system_health_status","review_owner"
"content-audits-and-framework-governance","Content Audits and Framework Governance","planned","Knowledge Architecture","needs metadata work","connected","review required","review required","Editorial governance lead"
"content-frameworks","Content Frameworks","published","Foundations","ready","link review required","ready","ready","Series editor"
"editorial-metadata-and-content-systems","Editorial Metadata and Content Systems","planned","Knowledge Architecture","needs metadata work","connected","review required","review required","Editorial systems lead"
"framework-governance-and-editorial-maintenance","Framework Governance and Editorial Maintenance","planned","Framework Composition Scaling and Editorial Governance","needs metadata work","link review required",NA,"review required","Editorial governance lead"
"framework-literacy-and-the-structure-of-usable-knowledge","Framework Literacy and the Structure of Usable Knowledge","published","Foundations","ready","link review required",NA,"developing","Series editor"
"frameworks-templates-and-models","Frameworks Templates and Models","published","Foundations","ready","link review required",NA,"developing","Series editor"
"internal-linking-as-framework-infrastructure","Internal Linking as Framework Infrastructure","planned","Knowledge Architecture","needs metadata work","connected","review required","review required","Knowledge architect"
"taxonomy-design-for-content-frameworks","Taxonomy Design for Content Frameworks","planned","Knowledge Architecture","needs metadata work","connected","review required","review required","Knowledge architect"
"what-are-content-frameworks","What Are Content Frameworks","published","Foundations","ready","link review required",NA,"developing","Series editor"
